{
    "data":{
        "groups":[{
            "materialIndex":0,
            "start":0,
            "count":36
        }],
        "attributes":{
            "position":{
                "array":[6.19269,0.145476,-1,4.19269,0.145476,1,4.19269,0.145476,-1,6.19269,2.14548,-1,4.19269,2.14548,1,6.19269,2.14548,1,6.19269,2.14548,-1,6.19269,0.145476,1,6.19269,0.145476,-1,6.19269,2.14548,1,4.19269,0.145476,1,6.19269,0.145476,1,4.19269,0.145476,1,4.19269,2.14548,-1,4.19269,0.145476,-1,6.19269,0.145476,-1,4.19269,2.14548,-1,6.19269,2.14548,-1,6.19269,0.145476,-1,6.19269,0.145476,1,4.19269,0.145476,1,6.19269,2.14548,-1,4.19269,2.14548,-1,4.19269,2.14548,1,6.19269,2.14548,-1,6.19269,2.14548,1,6.19269,0.145476,1,6.19269,2.14548,1,4.19269,2.14548,1,4.19269,0.145476,1,4.19269,2.14548,1,4.19269,0.145476,-1],
                "type":"Float32Array",
                "itemSize":3
            },
            "normal":{
                "array":[-7.10543e-15,-1,2.98023e-08,-7.10543e-15,-1,2.98023e-08,-7.10543e-15,-1,2.98023e-08,6.03962e-14,1,-1.19209e-07,6.03962e-14,1,-1.19209e-07,6.03962e-14,1,-1.19209e-07,1,-0,0,1,-0,0,1,-0,0,-8.9407e-08,-2.98023e-07,1,-8.9407e-08,-2.98023e-07,1,-8.9407e-08,-2.98023e-07,1,-1,0,0,-1,0,0,-1,0,0,2.08616e-07,1.78814e-07,-1,2.08616e-07,1.78814e-07,-1,2.08616e-07,1.78814e-07,-1,-2.66454e-15,-1,2.98023e-08,-2.66454e-15,-1,2.98023e-08,-2.66454e-15,-1,2.98023e-08,2.4869e-14,1,-1.19209e-07,2.4869e-14,1,-1.19209e-07,2.4869e-14,1,-1.19209e-07,1,4.76837e-07,4.76837e-07,1,4.76837e-07,4.76837e-07,1,4.76837e-07,4.76837e-07,-5.0664e-07,1.19209e-07,1,-5.0664e-07,1.19209e-07,1,-5.0664e-07,1.19209e-07,1,-1,0,0,2.08616e-07,1.78814e-07,-1],
                "type":"Float32Array",
                "itemSize":3
            }
        },
        "index":{
            "array":[0,1,2,3,4,5,6,7,8,9,10,11,12,13,14,15,16,17,18,19,20,21,22,23,24,25,26,27,28,29,12,30,13,15,31,16],
            "type":"Uint16Array",
            "itemSize":1
        }
    },
    "metadata":{
        "type":"BufferGeometry",
        "position":32,
        "version":3,
        "generator":"io_three",
        "normal":32
    }
}